{
  "image": "E:\\BOT ANK\\bot\\moje_AI\\yolov8\\FULL BOT\\data\\screen\\raw screen\\Zrzut ekranu 2025-10-25 163249.png",
  "generated_at": 1763256391.3569171,
  "scale_used": 1.0,
  "triangles": [
    {
      "points_scaled": [
        [
          987.0,
          290.0
        ],
        [
          997.0,
          302.0
        ],
        [
          1065.0,
          300.0
        ]
      ],
      "points_original": [
        [
          987.0,
          290.0
        ],
        [
          997.0,
          302.0
        ],
        [
          1065.0,
          300.0
        ]
      ],
      "centroid_scaled": {
        "x": 1016.3333129882812,
        "y": 297.3333435058594
      },
      "centroid_original": {
        "x": 1016.3333129882812,
        "y": 297.3333435058594
      },
      "orientation_deg": 7.3057708740234375,
      "area_px2_scaled": 764.5,
      "score": 2.871415150038477
    },
    {
      "points_scaled": [
        [
          56.0,
          195.0
        ],
        [
          129.0,
          203.0
        ],
        [
          128.0,
          192.0
        ]
      ],
      "points_original": [
        [
          56.0,
          195.0
        ],
        [
          129.0,
          203.0
        ],
        [
          128.0,
          192.0
        ]
      ],
      "centroid_scaled": {
        "x": 104.33333587646484,
        "y": 196.6666717529297
      },
      "centroid_original": {
        "x": 104.33333587646484,
        "y": 196.6666717529297
      },
      "orientation_deg": 6.254032611846924,
      "area_px2_scaled": 807.5,
      "score": 2.9064961674616145
    }
  ]
}